URL,Dispozice a rozměr,Cena [Kč/měsíc],Lokace
https://www.sreality.cz//detail/pronajem/byt/3+1/zlin-zlin-slezska/2275865164,3+1 73 m²,19000,"Slezská, Zlín"
https://www.sreality.cz//detail/pronajem/byt/1+kk/zlin-malenovice-tecovska/1112744524,1+kk 26 m²,8300,"Tečovská, Zlín - Malenovice"
https://www.sreality.cz//detail/pronajem/byt/1+kk/zlin-zlin-j-a-bati/1042633804,1+kk 31 m²,Cena na vyžádání,"J. A. Bati, Zlín"
https://www.sreality.cz//detail/pronajem/byt/2+kk/zlin-zlin-lorencova/1472258636,2+kk 65 m²,18700,"Lorencova, Zlín"
https://www.sreality.cz//detail/pronajem/byt/2+1/zlin-zlin-dlouha/1913504332,2+1 56 m²,12000,"Dlouhá, Zlín"
https://www.sreality.cz//detail/pronajem/byt/1+1/zlin-zlin-vysoka/2008138316,1+1 25 m²,9000,"Vysoká, Zlín"
https://www.sreality.cz//detail/pronajem/byt/1+kk/zlin-malenovice-zahradni/3143836236,1+kk 21 m²,14900,"Zahradní, Zlín - Malenovice"
https://www.sreality.cz//detail/pronajem/byt/3+1/zlin-malenovice-tyrsova/2728141388,3+1 68 m²,16000,"Tyršova, Zlín - Malenovice"
https://www.sreality.cz//detail/pronajem/byt/2+kk/zlin-zlin-lesetin-i/3600556620,2+kk 96 m²,25000,"Lešetín I, Zlín"
https://www.sreality.cz//detail/pronajem/byt/1+kk/zlin-zlin-j-a-bati/4172448332,1+kk 41 m²,Cena na vyžádání,"J. A. Bati, Zlín"
https://www.sreality.cz//detail/pronajem/byt/3+1/zlin-zlin-beckovska/481043020,3+1 68 m²,17000,"Beckovská, Zlín"
https://www.sreality.cz//detail/pronajem/byt/1+1/zlin-zlin-vetrna/987308620,1+1 34 m²,10000,"Větrná, Zlín"
https://www.sreality.cz//detail/pronajem/byt/2+1/zlin-zlin-dukelska/1356603980,2+1 48 m²,14000,"Dukelská, Zlín"
https://www.sreality.cz//detail/pronajem/byt/2+1/zlin-kudlov-vaclavska/1963905612,2+1 58 m²,10000,"Václavská, Zlín - Kudlov"
https://www.sreality.cz//detail/pronajem/byt/1+1/zlin-zlin-podlesi-v/2323300940,1+1 36 m²,11500,"Podlesí V, Zlín"
https://www.sreality.cz//detail/pronajem/byt/3+1/zlin-zlin-budovatelska/2434540108,3+1 64 m²,16000,"Budovatelská, Zlín"
https://www.sreality.cz//detail/pronajem/byt/2+1/zlin-malenovice-chelcickeho/722215500,2+1 55 m²,15900,"Chelčického, Zlín - Malenovice"
https://www.sreality.cz//detail/pronajem/byt/3+1/zlin-zlin-/420225612,3+1 96 m²,18000,Zlín
https://www.sreality.cz//detail/pronajem/byt/3+1/slusovice-slusovice-pod-veselou/1057759820,3+1 115 m²,15000,"Pod Veselou, Slušovice"
https://www.sreality.cz//detail/pronajem/byt/2+kk/frystak-frystak-komenskeho/1269887564,2+kk 57 m²,15500,"Komenského, Fryšták"
https://www.sreality.cz//detail/pronajem/byt/2+kk/zlin-malenovice-trida-svobody/1570579020,2+kk 64 m²,20690,"třída Svobody, Zlín - Malenovice"
https://www.sreality.cz//detail/pronajem/byt/2+1/zlin-zlin-na-honech-ii/3782468172,2+1 45 m²,13500,"Na Honech II, Zlín"
https://www.sreality.cz//detail/pronajem/byt/1+kk/zlin-malenovice-trida-svobody/2694652492,1+kk 37 m²,14900,"třída Svobody, Zlín - Malenovice"
https://www.sreality.cz//detail/pronajem/byt/2+kk/zlin-zlin-zarami/526201420,2+kk 60 m²,17500,"Zarámí, Zlín"
https://www.sreality.cz//detail/pronajem/byt/2+1/zlin-zlin-na-honech-ii/3869057612,2+1 44 m²,15800,"Na Honech II, Zlín"
https://www.sreality.cz//detail/pronajem/byt/1+kk/zlin-zlin-smetanova/1749557836,1+kk 32 m²,Cena na vyžádání,"Smetanova, Zlín"
https://www.sreality.cz//detail/pronajem/byt/2+1/otrokovice-otrokovice-havlickova/1204625996,2+1 68 m²,14000,"Havlíčkova, Otrokovice"
https://www.sreality.cz//detail/pronajem/byt/1+1/zlin-zlin-ceska/1698574924,1+1 33 m²,10400,"Česká, Zlín"
https://www.sreality.cz//detail/pronajem/byt/2+1/slusovice-slusovice-druzstevni/3678216780,2+1 57 m²,9000,"Družstevní, Slušovice"
https://www.sreality.cz//detail/pronajem/byt/2+kk/otrokovice-otrokovice-tr-spojencu/2033132108,2+kk 48 m²,12000,"tř. Spojenců, Otrokovice"
https://www.sreality.cz//detail/pronajem/byt/2+kk/zlin-zlin-sadova/2004689484,2+kk 51 m²,18500,"Sadová, Zlín"
https://www.sreality.cz//detail/pronajem/byt/2+1/zlin-zlin-cihlarska/2523734604,2+1 58 m²,16500,"Cihlářská, Zlín"
https://www.sreality.cz//detail/pronajem/byt/1+kk/zlin-zlin-lorencova/124592716,1+kk 28 m²,9500,"Lorencova, Zlín"
https://www.sreality.cz//detail/pronajem/byt/1+kk/zlin-zlin-podlesi-ii/2862490188,1+kk 30 m²,12000,"Podlesí II, Zlín"
https://www.sreality.cz//detail/pronajem/byt/1+kk/zlin-zlin-trida-tomase-bati/1735799372,SLEVA: 1+kk 23 m²,9000,"třída Tomáše Bati, Zlín"
https://www.sreality.cz//detail/pronajem/byt/2+kk/zlin-zlin-na-honech-ii/1418601036,2+kk 56 m²,18500,"Na Honech II, Zlín"
https://www.sreality.cz//detail/pronajem/byt/2+kk/zlin-zlin-l-vachy/1093284428,2+kk 55 m²,12800,"L. Váchy, Zlín"
https://www.sreality.cz//detail/pronajem/byt/2+kk/zlin-zlin-l-vachy/442118732,2+kk 50 m²,12000,"L. Váchy, Zlín"
https://www.sreality.cz//detail/pronajem/byt/1+kk/zlin-zlin-pasecka/2460148300,1+kk 29 m²,13500,"Pasecká, Zlín"
https://www.sreality.cz//detail/pronajem/byt/1+kk/zlin-zlin-kuty/3460969036,1+kk 29 m²,12000,"Kúty, Zlín"
https://www.sreality.cz//detail/pronajem/byt/2+kk/otrokovice-otrokovice-nam-3-kvetna/2405245516,2+kk 60 m²,17500,"nám. 3. května, Otrokovice"
https://www.sreality.cz//detail/pronajem/byt/1+1/otrokovice-kvitkovice-/465510988,1+1 45 m²,10000,Otrokovice - Kvítkovice
https://www.sreality.cz//detail/pronajem/byt/3+1/zlin-zlin-slezska/2275865164,3+1 73 m²,19000,"Slezská, Zlín"
https://www.sreality.cz//detail/pronajem/byt/2+1/zlin-prstne-l-vachy/267330124,2+1 58 m²,16500,"L. Váchy, Zlín - Prštné"
https://www.sreality.cz//detail/pronajem/byt/3+kk/napajedla-napajedla-masarykovo-namesti/638923340,3+kk 66 m²,13000,"Masarykovo náměstí, Napajedla"
https://www.sreality.cz//detail/pronajem/byt/1+1/zlin-zlin-dlouha/356459084,1+1 36 m²,9000,"Dlouhá, Zlín"
https://www.sreality.cz//detail/pronajem/byt/1+1/zlin-zlin-potoky/1788228172,1+1 36 m²,11500,"Potoky, Zlín"
https://www.sreality.cz//detail/pronajem/byt/1+1/otrokovice-otrokovice-nadrazni/1966023244,1+1 38 m²,9600,"Nádražní, Otrokovice"
https://www.sreality.cz//detail/pronajem/byt/atypicky/zlin-prstne-l-vachy/617361996,atypický 19 m²,7500,"L. Váchy, Zlín - Prštné"
https://www.sreality.cz//detail/pronajem/byt/pokoj/otrokovice-otrokovice-tr-spojencu/2774475340,pokoje 21 m²,10500,"tř. Spojenců, Otrokovice"
https://www.sreality.cz//detail/pronajem/byt/2+1/zlin-malenovice-trida-svobody/968368716,2+1 48 m²,12000,"třída Svobody, Zlín - Malenovice"
https://www.sreality.cz//detail/pronajem/byt/2+kk/zlin-louky-zadni-luhy/4022870604,2+kk 44 m²,12900,"Zadní luhy, Zlín - Louky"
https://www.sreality.cz//detail/pronajem/byt/3+kk/zlin-zlin-dlouha/4140311116,3+kk 110 m²,19000,"Dlouhá, Zlín"
https://www.sreality.cz//detail/pronajem/byt/1+kk/zlin-zlin-sadova/670573132,1+kk 40 m²,13500,"Sadová, Zlín"
https://www.sreality.cz//detail/pronajem/byt/2+kk/zlin-zlin-pasecka/1776476748,2+kk 50 m²,17900,"Pasecká, Zlín"
https://www.sreality.cz//detail/pronajem/byt/2+kk/zlin-zlin-pasecka/941744716,2+kk 48 m²,17200,"Pasecká, Zlín"
https://www.sreality.cz//detail/pronajem/byt/pokoj/zlin-priluky-pancava/1385484876,pokoje 18 m²,4300,"Pančava, Zlín - Příluky"
https://www.sreality.cz//detail/pronajem/byt/1+kk/zlin-priluky-pancava/4211225164,1+kk 22 m²,9900,"Pančava, Zlín - Příluky"
https://www.sreality.cz//detail/pronajem/byt/pokoj/otrokovice-otrokovice-tr-spojencu/3613336140,pokoje 21 m²,8500,"tř. Spojenců, Otrokovice"
https://www.sreality.cz//detail/pronajem/byt/pokoj/otrokovice-otrokovice-tr-spojencu/2489262668,pokoje 21 m²,9500,"tř. Spojenců, Otrokovice"
https://www.sreality.cz//detail/pronajem/byt/1+kk/zlin-zlin-vejvanovska/1921827404,1+kk 18 m²,10900,"Vejvanovská, Zlín"
https://www.sreality.cz//detail/pronajem/byt/1+kk/zlin-zlin-stefanikova/762589772,1+kk 20 m²,11900,"Štefánikova, Zlín"
https://www.sreality.cz//detail/pronajem/byt/3+kk/zlin-zlin-trida-tomase-bati/1701323340,3+kk 95 m²,29000,"třída Tomáše Bati, Zlín"
https://www.sreality.cz//detail/pronajem/byt/3+1/zlin-zlin-slezska/2275865164,3+1 73 m²,19000,"Slezská, Zlín"
https://www.sreality.cz//detail/pronajem/byt/2+1/zlin-zlin-slunecna/3220775500,2+1 62 m²,12500,"Slunečná, Zlín"
https://www.sreality.cz//detail/pronajem/byt/1+1/zlin-zlin-vetrna/2908299852,1+1 35 m²,13500,"Větrná, Zlín"
https://www.sreality.cz//detail/pronajem/byt/3+1/zlin-malenovice-chelcickeho/3883475532,3+1 66 m²,19000,"Chelčického, Zlín - Malenovice"
https://www.sreality.cz//detail/pronajem/byt/2+kk/zlin-malenovice-zabrani/2390807116,2+kk 50 m²,20000,"Zabrání, Zlín - Malenovice"
https://www.sreality.cz//detail/pronajem/byt/2+kk/zlin-zlin-zalesna-ii/1758077516,2+kk 56 m²,16000,"Zálešná II, Zlín"
https://www.sreality.cz//detail/pronajem/byt/2+kk/zlin-zlin-lesetin-i/2294948428,2+kk 58 m²,16000,"Lešetín I, Zlín"
https://www.sreality.cz//detail/pronajem/byt/2+1/zlin-zlin-budovatelska/2822382156,2+1 45 m²,15500,"Budovatelská, Zlín"
https://www.sreality.cz//detail/pronajem/byt/2+kk/zlin-zlin-havlickovo-nabrezi/2673484364,2+kk 58 m²,13500,"Havlíčkovo nábřeží, Zlín"
https://www.sreality.cz//detail/pronajem/byt/4+1/zlin-zlin-slunecna/3986367052,4+1 83 m²,21000,"Slunečná, Zlín"
https://www.sreality.cz//detail/pronajem/byt/1+kk/zlin-zlin-javorova/666317388,1+kk 28 m²,11700,"Javorová, Zlín"
https://www.sreality.cz//detail/pronajem/byt/1+kk/zlutava-zlutava-/564843084,1+kk 26 m²,6500,Žlutava
https://www.sreality.cz//detail/pronajem/byt/3+kk/luhacovice-luhacovice-/1327178316,3+kk 62 m²,15000,Luhačovice
https://www.sreality.cz//detail/pronajem/byt/3+1/zlin-zlin-jilova/864301644,3+1 76 m²,14650,"Jílová, Zlín"
https://www.sreality.cz//detail/pronajem/byt/3+kk/zlin-zlin-podlesi-i/3770954316,3+kk 68 m²,18000,"Podlesí I, Zlín"
https://www.sreality.cz//detail/pronajem/byt/3+kk/zlin-priluky-pristav/926990924,3+kk 110 m²,20000,"Přístav, Zlín - Příluky"
https://www.sreality.cz//detail/pronajem/byt/3+kk/zlin-zlin-sokolska/3267805772,3+kk 77 m²,14000,"Sokolská, Zlín"
https://www.sreality.cz//detail/pronajem/byt/1+kk/zlin-zlin-stefanikova/1819554380,1+kk 30 m²,11900,"Štefánikova, Zlín"
https://www.sreality.cz//detail/pronajem/byt/2+kk/zlin-zlin-zelinova/3870634572,2+kk 49 m²,14900,"Zelinova, Zlín"
https://www.sreality.cz//detail/pronajem/byt/pokoj/zlin-prstne-/3370463820,pokoje 22 m²,6500,Zlín - Prštné
https://www.sreality.cz//detail/pronajem/byt/1+kk/zlin-malenovice-bezrucova/1675965004,1+kk 35 m²,12000,"Bezručova, Zlín - Malenovice"
https://www.sreality.cz//detail/pronajem/byt/1+kk/zlin-zlin-sadova/670573132,1+kk 40 m²,13500,"Sadová, Zlín"
https://www.sreality.cz//detail/pronajem/byt/pokoj/zlin-zlin-/3041210956,pokoje 17 m²,8000,Zlín
https://www.sreality.cz//detail/pronajem/byt/2+1/zlin-zlin-podlesi-iii/1119236684,2+1 45 m²,10600,"Podlesí III, Zlín"
https://www.sreality.cz//detail/pronajem/byt/2+kk/zlin-zlin-zelinova/1351365196,2+kk 48 m²,17900,"Zelinova, Zlín"
https://www.sreality.cz//detail/pronajem/byt/3+1/zlin-zlin-podlesi-iii/2115682892,3+1 70 m²,14000,"Podlesí III, Zlín"
https://www.sreality.cz//detail/pronajem/byt/2+1/otrokovice-otrokovice-hlavni/3354866252,2+1 56 m²,13900,"Hlavní, Otrokovice"
https://www.sreality.cz//detail/pronajem/byt/2+1/otrokovice-otrokovice-havlickova/2230792780,2+1 59 m²,13000,"Havlíčkova, Otrokovice"
https://www.sreality.cz//detail/pronajem/byt/2+1/zlin-zlin-nabrezi/1293365836,2+1 60 m²,12150,"Nábřeží, Zlín"
https://www.sreality.cz//detail/pronajem/byt/3+1/zlin-zlin-hrncirska/123155020,3+1 85 m²,17000,"Hrnčířská, Zlín"
https://www.sreality.cz//detail/pronajem/byt/3+1/zlin-zlin-okruzni/2725720652,3+1 67 m²,17000,"Okružní, Zlín"
https://www.sreality.cz//detail/pronajem/byt/3+1/otrokovice-otrokovice-smetanova/2759275084,3+1 77 m²,18700,"Smetanova, Otrokovice"
https://www.sreality.cz//detail/pronajem/byt/2+1/zlin-zlin-na-honech-ii/3782468172,2+1 45 m²,13500,"Na Honech II, Zlín"
https://www.sreality.cz//detail/pronajem/byt/2+kk/zlin-priluky-pancava/1213215308,2+kk 56 m²,16000,"Pančava, Zlín - Příluky"
https://www.sreality.cz//detail/pronajem/byt/2+1/napajedla-napajedla-/1949446732,2+1 45 m²,14000,Napajedla
https://www.sreality.cz//detail/pronajem/byt/1+kk/zlin-zlin-vejvanovska/2317496908,1+kk 28 m²,11500,"Vejvanovská, Zlín"
https://www.sreality.cz//detail/pronajem/byt/1+kk/zlin-zlin-vetrna/1763848780,1+kk 27 m²,8500,"Větrná, Zlín"
https://www.sreality.cz//detail/pronajem/byt/2+1/otrokovice-kvitkovice-lidicka/3337826892,2+1 56 m²,12000,"Lidická, Otrokovice - Kvítkovice"
https://www.sreality.cz//detail/pronajem/byt/2+kk/zlin-louky-zabranci-i/2441949772,2+kk 45 m²,12600,"Zábrančí I, Zlín - Louky"
https://www.sreality.cz//detail/pronajem/byt/3+1/zlin-zlin-dily-ii/65876556,3+1 60 m²,11900,"Díly II, Zlín"
https://www.sreality.cz//detail/pronajem/byt/3+1/zlin-zlin-nivy-ii/205337164,3+1 100 m²,16500,"Nivy II, Zlín"
https://www.sreality.cz//detail/pronajem/byt/2+1/zlin-zlin-nivy-ii/490549836,2+1 120 m²,16000,"Nivy II, Zlín"
https://www.sreality.cz//detail/pronajem/byt/2+1/zlin-zlin-na-honech-ii/3782468172,2+1 45 m²,13500,"Na Honech II, Zlín"
https://www.sreality.cz//detail/pronajem/byt/1+kk/luhacovice-luhacovice-leose-janacka/3640889932,1+kk 30 m²,12000,"Leoše Janáčka, Luhačovice"
https://www.sreality.cz//detail/pronajem/byt/2+kk/zlin-zlin-trida-tomase-bati/3562877516,2+kk 60 m²,13800,"třída Tomáše Bati, Zlín"
https://www.sreality.cz//detail/pronajem/byt/2+1/zlin-kostelec-lesenska/2560504396,2+1 75 m²,16000,"Lešenská, Zlín - Kostelec"
https://www.sreality.cz//detail/pronajem/byt/2+kk/zlin-zlin-smetanova/3062772300,2+kk 66 m²,20000,"Smetanova, Zlín"
https://www.sreality.cz//detail/pronajem/byt/2+1/otrokovice-otrokovice-nam-3-kvetna/697270860,2+1 60 m²,13700,"nám. 3. května, Otrokovice"
https://www.sreality.cz//detail/pronajem/byt/1+1/zlin-zlin-sevcovska/3316527692,1+1 37 m²,11500,"Ševcovská, Zlín"
https://www.sreality.cz//detail/pronajem/byt/1+kk/zlin-jaroslavice-v-doline/889139788,1+kk 25 m²,7000,"V Dolině, Zlín - Jaroslavice"
https://www.sreality.cz//detail/pronajem/byt/atypicky/luhacovice-luhacovice-/1292841548,atypický 35 m²,12000,Luhačovice
https://www.sreality.cz//detail/pronajem/byt/pokoj/zlin-zlin-trida-tomase-bati/586756684,pokoje 114 m²,3708,"třída Tomáše Bati, Zlín"
https://www.sreality.cz//detail/pronajem/byt/1+kk/napajedla-napajedla-masarykovo-namesti/24588876,1+kk 34 m²,8000,"Masarykovo náměstí, Napajedla"
https://www.sreality.cz//detail/pronajem/byt/2+1/zlin-zlin-lucni/424227404,2+1 56 m²,11500,"Luční, Zlín"
https://www.sreality.cz//detail/pronajem/byt/1+1/zlin-zlin-lazy-iii/3314860620,1+1 35 m²,8000,"Lazy III, Zlín"
https://www.sreality.cz//detail/pronajem/byt/3+kk/zlin-zlin-na-honech-i/2939470412,3+kk 75 m²,25000,"Na Honech I, Zlín"
https://www.sreality.cz//detail/pronajem/byt/2+kk/zlin-zlin-smetanova/1229308492,2+kk 111 m²,25000,"Smetanova, Zlín"
https://www.sreality.cz//detail/pronajem/byt/1+kk/zlin-zlin-vodni/3263677004,1+kk 27 m²,12000,"Vodní, Zlín"
https://www.sreality.cz//detail/pronajem/byt/1+1/zlin-zlin-stefanikova/3400778316,1+1 16 m²,4200,"Štefánikova, Zlín"
https://www.sreality.cz//detail/pronajem/byt/2+kk/valasske-klobouky-valasske-klobouky-masarykovo-namesti/807256652,2+kk 52 m²,14690,"Masarykovo náměstí, Valašské Klobouky"
https://www.sreality.cz//detail/pronajem/byt/pokoj/napajedla-napajedla-masarykovo-namesti/2191180364,pokoje 16 m²,7000,"Masarykovo náměstí, Napajedla"
https://www.sreality.cz//detail/pronajem/byt/2+kk/zlin-zlin-stefanikova/4156277324,2+kk 50 m²,17000,"Štefánikova, Zlín"
https://www.sreality.cz//detail/pronajem/byt/2+1/zlin-zlin-ceska/1913967180,2+1 45 m²,10000,"Česká, Zlín"
https://www.sreality.cz//detail/pronajem/byt/3+1/zlin-zlin-slezska/2275865164,3+1 73 m²,19000,"Slezská, Zlín"
https://www.sreality.cz//detail/pronajem/byt/2+kk/luhacovice-luhacovice-mlynska/1280692812,2+kk 69 m²,13000,"Mlýnská, Luhačovice"
https://www.sreality.cz//detail/pronajem/byt/pokoj/zlin-zlin-ceska/3884372556,pokoje 89 m²,4000,"Česká, Zlín"
https://www.sreality.cz//detail/pronajem/byt/3+1/otrokovice-otrokovice-nam-3-kvetna/3001537100,3+1 93 m²,15000,"nám. 3. května, Otrokovice"
https://www.sreality.cz//detail/pronajem/byt/3+1/otrokovice-otrokovice-nam-3-kvetna/2853687884,3+1 85 m²,15900,"nám. 3. května, Otrokovice"
https://www.sreality.cz//detail/pronajem/byt/2+1/zlin-malenovice-trida-svobody/4015116876,2+1 57 m²,12000,"třída Svobody, Zlín - Malenovice"
https://www.sreality.cz//detail/pronajem/byt/1+kk/zlin-louky-zadni-luhy/762040908,1+kk 36 m²,11900,"Zadní luhy, Zlín - Louky"
https://www.sreality.cz//detail/pronajem/byt/2+1/napajedla-napajedla-na-kapli/3816153676,2+1 60 m²,13000,"Na Kapli, Napajedla"
https://www.sreality.cz//detail/pronajem/byt/2+kk/luhacovice-luhacovice-/3879764556,2+kk 85 m²,22000,Luhačovice
https://www.sreality.cz//detail/pronajem/byt/2+kk/zlin-zlin-nad-vyvozem/3883917900,2+kk 57 m²,14000,"Nad Vývozem, Zlín"
https://www.sreality.cz//detail/pronajem/byt/2+1/zlin-zlin-vetrna/1114169932,2+1 54 m²,15000,"Větrná, Zlín"
https://www.sreality.cz//detail/pronajem/byt/3+1/zlin-zlin-slezska/2275865164,3+1 73 m²,19000,"Slezská, Zlín"
https://www.sreality.cz//detail/pronajem/byt/1+1/zlin-zlin-smetanova/20378188,1+1 45 m²,13000,"Smetanova, Zlín"
https://www.sreality.cz//detail/pronajem/byt/1+kk/luhacovice-luhacovice-/2214654540,1+kk 33 m²,11000,Luhačovice
https://www.sreality.cz//detail/pronajem/byt/2+kk/frystak-horni-ves-komenskeho/964424268,2+kk 57 m²,14000,"Komenského, Fryšták - Horní Ves"
https://www.sreality.cz//detail/pronajem/byt/2+kk/zlin-louky-/182441292,2+kk 45 m²,12500,Zlín - Louky
https://www.sreality.cz//detail/pronajem/byt/2+kk/luhacovice-luhacovice-nadrazni/532079948,2+kk 120 m²,23000,"Nádražní, Luhačovice"
https://www.sreality.cz//detail/pronajem/byt/2+kk/otrokovice-kvitkovice-pricna/156140108,2+kk 45 m²,13700,"Příčná, Otrokovice - Kvítkovice"
https://www.sreality.cz//detail/pronajem/byt/2+kk/luhacovice-luhacovice-/1743290956,2+kk 86 m²,Cena na vyžádání,Luhačovice
https://www.sreality.cz//detail/pronajem/byt/1+1/rackova-rackova-/1342734924,1+1 40 m²,12000,Racková
https://www.sreality.cz//detail/pronajem/byt/2+kk/zlin-zlin-bartosova/1606193740,2+kk 58 m²,20000,"Bartošova, Zlín"
https://www.sreality.cz//detail/pronajem/byt/2+1/zlin-zlin-na-honech-ii/3782468172,2+1 45 m²,13500,"Na Honech II, Zlín"
https://www.sreality.cz//detail/pronajem/byt/2+kk/zlin-zlin-tyrsovo-nabrezi/2091799884,2+kk 49 m²,18000,"Tyršovo nábřeží, Zlín"
https://www.sreality.cz//detail/pronajem/byt/4+1/zlin-zlin-na-honech-ii/3934757452,4+1 79 m²,19000,"Na Honech II, Zlín"
https://www.sreality.cz//detail/pronajem/byt/4+kk/luhacovice-luhacovice-/826365260,4+kk 100 m²,39900,Luhačovice
https://www.sreality.cz//detail/pronajem/byt/2+kk/zlin-jaroslavice-v-doline/3725157708,2+kk 40 m²,9000,"V Dolině, Zlín - Jaroslavice"
https://www.sreality.cz//detail/pronajem/byt/2+kk/zlin-louky-k-luham/1516360780,2+kk 47 m²,14900,"K Luhám, Zlín - Louky"
